<?xml version="1.0" encoding="utf-8"?><feed xmlns="http://www.w3.org/2005/Atom" ><generator uri="https://jekyllrb.com/" version="3.8.5">Jekyll</generator><link href="http://localhost:4000/feed.xml" rel="self" type="application/atom+xml" /><link href="http://localhost:4000/" rel="alternate" type="text/html" /><updated>2020-01-31T15:36:59+05:30</updated><id>http://localhost:4000/feed.xml</id><title type="html">Samvid Dharanikota</title><entry><title type="html">Blockchain based Data Access Control using Smart Contracts</title><link href="http://localhost:4000/DC/" rel="alternate" type="text/html" title="Blockchain based Data Access Control using Smart Contracts" /><published>2019-10-22T00:00:00+05:30</published><updated>2019-10-22T00:00:00+05:30</updated><id>http://localhost:4000/DC</id><content type="html" xml:base="http://localhost:4000/DC/"></content><author><name></name></author><category term="papers" /><summary type="html"></summary></entry><entry><title type="html">CollabChain: Blockchain-Backed Trustless Web-Based Volunteer Computing Platform</title><link href="http://localhost:4000/CollabChain/" rel="alternate" type="text/html" title="CollabChain: Blockchain-Backed Trustless Web-Based Volunteer Computing Platform" /><published>2019-09-19T00:00:00+05:30</published><updated>2019-09-19T00:00:00+05:30</updated><id>http://localhost:4000/CollabChain</id><content type="html" xml:base="http://localhost:4000/CollabChain/"></content><author><name></name></author><category term="papers" /><summary type="html"></summary></entry><entry><title type="html">Microsoft Research India</title><link href="http://localhost:4000/MSRI/" rel="alternate" type="text/html" title="Microsoft Research India" /><published>2019-07-01T00:00:00+05:30</published><updated>2019-07-01T00:00:00+05:30</updated><id>http://localhost:4000/MSRI</id><content type="html" xml:base="http://localhost:4000/MSRI/"></content><author><name></name></author><category term="experience" /><summary type="html"></summary></entry><entry><title type="html">Breeding Unicorns: Developing Trustworthy and Scalable Randomness Beacons</title><link href="http://localhost:4000/BreedingUnicorns/" rel="alternate" type="text/html" title="Breeding Unicorns: Developing Trustworthy and Scalable Randomness Beacons" /><published>2019-07-01T00:00:00+05:30</published><updated>2019-07-01T00:00:00+05:30</updated><id>http://localhost:4000/BreedingUnicorns</id><content type="html" xml:base="http://localhost:4000/BreedingUnicorns/"></content><author><name></name></author><category term="papers" /><summary type="html"></summary></entry><entry><title type="html">Blockchain Research and Applications: A Systematic Mapping Study</title><link href="http://localhost:4000/SMS/" rel="alternate" type="text/html" title="Blockchain Research and Applications: A Systematic Mapping Study" /><published>2019-03-22T00:00:00+05:30</published><updated>2019-03-22T00:00:00+05:30</updated><id>http://localhost:4000/SMS</id><content type="html" xml:base="http://localhost:4000/SMS/"></content><author><name></name></author><category term="papers" /><summary type="html"></summary></entry><entry><title type="html">University of Vienna</title><link href="http://localhost:4000/Wien/" rel="alternate" type="text/html" title="University of Vienna" /><published>2018-12-05T00:00:00+05:30</published><updated>2018-12-05T00:00:00+05:30</updated><id>http://localhost:4000/Wien</id><content type="html" xml:base="http://localhost:4000/Wien/"></content><author><name></name></author><category term="experience" /><summary type="html"></summary></entry><entry><title type="html">CollabChain</title><link href="http://localhost:4000/CollabChain/" rel="alternate" type="text/html" title="CollabChain" /><published>2018-11-01T00:00:00+05:30</published><updated>2018-11-01T00:00:00+05:30</updated><id>http://localhost:4000/CollabChain</id><content type="html" xml:base="http://localhost:4000/CollabChain/"></content><author><name></name></author><category term="projects" /><summary type="html"></summary></entry><entry><title type="html">Samsung Research India Bangalore</title><link href="http://localhost:4000/SRIB/" rel="alternate" type="text/html" title="Samsung Research India Bangalore" /><published>2018-05-15T00:00:00+05:30</published><updated>2018-05-15T00:00:00+05:30</updated><id>http://localhost:4000/SRIB</id><content type="html" xml:base="http://localhost:4000/SRIB/"></content><author><name></name></author><category term="experience" /><summary type="html"></summary></entry><entry><title type="html">Bitcoin Wallet</title><link href="http://localhost:4000/Bitcoin/" rel="alternate" type="text/html" title="Bitcoin Wallet" /><published>2018-02-01T00:00:00+05:30</published><updated>2018-02-01T00:00:00+05:30</updated><id>http://localhost:4000/Bitcoin</id><content type="html" xml:base="http://localhost:4000/Bitcoin/"></content><author><name></name></author><category term="projects" /><summary type="html"></summary></entry><entry><title type="html">Low-rate TCP Targetted DoS Attack Simulation</title><link href="http://localhost:4000/TCP/" rel="alternate" type="text/html" title="Low-rate TCP Targetted DoS Attack Simulation" /><published>2018-01-01T00:00:00+05:30</published><updated>2018-01-01T00:00:00+05:30</updated><id>http://localhost:4000/TCP</id><content type="html" xml:base="http://localhost:4000/TCP/"></content><author><name></name></author><category term="projects" /><summary type="html"></summary></entry></feed>